Model,Price,gender
Smartees,₹199,Men Printed Round Neck Cotton Blend Black T-Shirt
TBUG,₹273,Men Self Design Round Neck Cotton Blend Multicolor T-Sh...
AUSK,₹349,"Men Striped Round Neck Cotton Blend Blue, Black T-Shirt"
NB NICKY BOY,₹199,Nikky Men Printed Round Neck Cotton Blend Black T-Shirt
VeBNoR,₹299,Men Printed Round Neck Poly Cotton Maroon T-Shirt
JUGULAR,₹289,Men Striped Round Neck Pure Cotton White T-Shirt
Besick,₹649,Men Graphic Print Round Neck Poly Cotton Purple T-Shirt
Emerald,₹397,Men Striped Round Neck Cotton Blend Red T-Shirt
3BROS,₹429,Men Solid Polo Neck Cotton Blend Green T-Shirt
NB NICKY BOY,₹199,Men Printed Round Neck Cotton Blend Black T-Shirt
Crastic,₹299,"Men Printed, Typography Round Neck Poly Cotton Grey T-S..."
ADIDAS,₹912,IN SMU3S CO T Men Striped Round Neck Polyester Grey T-S...
3BROS,₹399,Men Solid Polo Neck Cotton Blend (220 gsm) Green T-Shir...
Besick,₹649,Men Graphic Print Round Neck Poly Cotton Dark Green T-S...
AUSK,₹349,"Men Striped Round Neck Cotton Blend Light Blue, Black T..."
NB NICKY BOY,₹199,Men Printed Round Neck Cotton Blend Grey T-Shirt
London Hills,₹399,Men Printed Round Neck Cotton Blend Black T-Shirt
London Hills,₹749,Pack of 3 Men Solid Round Neck Cotton Blend Multicolor ...
Besick,₹649,Men Graphic Print Round Neck Poly Cotton Purple T-Shirt
VeBNoR,₹299,Men Checkered Round Neck Poly Cotton Grey T-Shirt
Jump Cuts,₹299,Men Striped Round Neck Cotton Blend Green T-Shirt
Crastic,₹366,"Men Printed Polo Neck Cotton Blend Black, White T-Shirt"
London Hills,₹249,Men Solid Round Neck Cotton Blend Black T-Shirt
Smartees,₹199,"Men Printed, Typography Round Neck Cotton Blend Black T..."
VeBNoR,₹299,Men Printed Round Neck Poly Cotton Dark Green T-Shirt
NB NICKY BOY,₹199,Men Printed Hooded Neck Cotton Blend White T-Shirt
Arbour,₹665,Men Striped Polo Neck Cotton Blend Blue T-Shirt
Jump Cuts,₹289,Men Printed Round Neck Cotton Blend Black T-Shirt
Besick,₹649,Men Graphic Print Round Neck Poly Cotton Purple T-Shirt
NB NICKY BOY,₹199,Men Printed Round Neck Cotton Blend Light Blue T-Shirt
ADIDAS,₹809,M FR T Men Printed Crew Neck Pure Cotton Orange T-Shirt
Arbour,₹699,Men Striped Polo Neck Cotton Blend Navy Blue T-Shirt
FTX,₹499,"Pack of 4 Men Solid Round Neck Polyester Silver, Blue, ..."
TRIPR,₹374,Men Printed Round Neck Cotton Blend White T-Shirt
Besick,₹649,Men Graphic Print Round Neck Poly Cotton Orange T-Shirt
InkTees,₹494,Pack of 5 Round_5_05_S Men Solid Round Neck Polyester M...
ADIDAS,"₹1,279",Men Solid Round Neck Pure Cotton White T-Shirt
Polo Plus,₹489,Men Solid Polo Neck Pure Cotton Yellow T-Shirt
KAJARU,₹299,Men Printed Round Neck Poly Cotton Grey T-Shirt
AUSK,₹399,Men Solid Polo Neck Cotton Blend Pink T-Shirt
